HomeMicrotypeID,TimePeriodID,PopulationGroupTypeID,TripPurposeID,OriginMicrotypeID,DestinationMicrotypeID,Portion
2,evening_rush,B,home,6,2,0.0200292236693617
2,other_time,B,social,2,4,0.0737207447694758
2,evening_rush,B,social,2,6,0.0735656683511296
2,other_time,B,home,4,2,0.101049960254234
2,morning_rush,B,work,2,2,0.407066908652627
4,other_time,B,home,4,4,0.37892338808134707
4,evening_rush,B,social,4,4,0.245720412224469
4,evening_rush,B,home,4,4,0.317232706982424
4,other_time,B,medical,4,4,0.422749126696688
2,evening_rush,D,social,2,5,0.322611552487918
2,other_time,D,home,5,2,0.265785284566318
2,other_time,D,social,2,4,0.0848434468027399
2,other_time,D,home,4,2,0.10003186128478099
3,other_time,B,social,3,4,0.13669075988670099
3,other_time,B,home,4,3,0.0757981402537563
5,other_time,D,social,5,5,0.352435103863947
5,other_time,D,home,5,5,0.469324068753817
5,other_time,D,home,3,5,0.252128128472251
5,morning_rush,D,social,5,5,0.479055052014509
5,morning_rush,D,home,5,5,0.732953928938698
5,other_time,D,social,5,2,0.0984172635518207
5,evening_rush,D,social,5,3,0.204256315207405
5,other_time,D,home,2,5,0.0572107567805233
5,morning_rush,B,home,5,5,0.580021635748789
5,morning_rush,B,other,5,3,0.0238480697282832
5,morning_rush,B,social,5,5,0.44054966871192897
6,morning_rush,B,work,6,6,0.351318706628068
6,evening_rush,B,home,6,6,0.47974982092138
4,other_time,D,home,2,4,0.19707892490484805
4,evening_rush,D,social,2,2,0.0176386337125757
4,evening_rush,D,social,4,2,0.11795657133569
4,other_time,D,social,4,5,0.0333545837402185
4,other_time,D,home,5,4,0.140032368267387
3,other_time,B,home,3,3,0.279883242354728
3,other_time,B,social,3,3,0.20823819123098
5,evening_rush,B,home,5,5,0.478867314260076
5,other_time,B,school,5,5,0.49394746305836207
5,other_time,B,social,5,5,0.478401724077171
5,other_time,B,work,5,5,0.486519779252868
5,evening_rush,B,social,5,5,0.352246534580644
6,evening_rush,B,home,4,6,0.0998160495091961
6,morning_rush,B,work,6,2,0.0130505143256086
6,evening_rush,B,social,2,4,0.00645321359689992
5,other_time,D,social,5,3,0.0809473631846735
5,evening_rush,D,school,5,3,0.6515236237672261
5,other_time,D,social,3,5,0.0361126242156719
5,morning_rush,D,work,5,2,0.12872712678416098
5,other_time,D,social,2,5,0.0520647254112974
5,evening_rush,D,other,2,5,0.17424580163507902
5,morning_rush,D,other,5,5,0.4306867197435921
5,other_time,D,work,5,2,0.15707209852732001
5,evening_rush,D,home,4,5,0.167331420192364
5,other_time,D,social,4,5,0.0102605339586807
5,other_time,D,social,5,4,0.0736472439512845
2,other_time,B,social,2,3,0.0983886123134515
2,morning_rush,B,social,2,2,0.5048389968289171
2,morning_rush,B,home,2,2,0.5213856113373679
2,other_time,B,social,2,5,0.16543775535857097
2,other_time,B,home,5,2,0.23247662273869601
2,other_time,B,home,3,2,0.184546346928763
5,other_time,B,social,3,4,0.00291490982433798
5,other_time,B,home,4,5,0.0473597532796914
5,other_time,B,medical,5,3,0.261753931142913
4,morning_rush,D,social,4,4,0.188256632202537
4,other_time,D,social,4,3,0.101145973314067
4,other_time,D,work,3,4,0.0696334040389159
4,other_time,D,social,4,4,0.215980016324094
4,morning_rush,D,home,4,4,0.331664288084971
4,evening_rush,D,home,4,4,0.39810795610304295
4,other_time,D,social,5,4,0.020867662985026
4,other_time,D,home,4,4,0.360484422118798
4,other_time,D,work,4,5,0.005258505226518321
4,other_time,D,work,5,4,0.0404681386701509
4,evening_rush,D,school,4,5,0.523521744147024
4,morning_rush,D,work,4,4,0.18552334228422798
2,other_time,B,social,2,2,0.252937454251234
2,other_time,B,home,2,2,0.358556958869999
4,other_time,B,social,4,2,0.0484019118340296
4,other_time,B,social,4,4,0.158187633924672
4,other_time,B,social,5,4,0.0201694143841316
4,other_time,B,social,2,5,0.0101973239985481
5,evening_rush,D,home,2,5,0.20916704002463898
5,morning_rush,D,other,5,4,0.18940839483051397
5,morning_rush,D,work,4,2,0.0412560541961564
6,evening_rush,D,school,6,6,0.966085763376694
6,evening_rush,D,home,6,6,0.42600971724101394
6,morning_rush,D,work,6,6,0.296554367855463
6,evening_rush,D,social,6,5,0.246979829986705
6,other_time,D,home,5,6,0.157303690815027
6,other_time,D,school,6,6,0.7995147701735279
6,morning_rush,D,school,6,6,0.436278575950212
6,other_time,D,work,6,6,0.15512949550302602
2,evening_rush,B,home,1,2,0.00284274994838797
2,other_time,B,social,2,1,0.0117592878760513
5,morning_rush,B,other,5,4,0.21324419556315802
5,other_time,B,social,5,3,0.0498278870564632
5,other_time,B,social,4,5,0.0055088759227162895
5,other_time,B,home,3,5,0.118266391087228
5,other_time,B,home,5,5,0.540181671428258
5,evening_rush,D,social,4,5,0.0257077340650718
5,evening_rush,D,home,5,5,0.2957022514037
5,other_time,D,work,5,4,0.0554244878676669
4,other_time,B,school,4,4,0.351027380679287
4,evening_rush,D,home,5,4,0.223425540959983
4,other_time,D,work,5,5,0.000235726608450755
4,other_time,B,social,4,3,0.0431872006711048
4,morning_rush,B,home,4,4,0.481080035004536
4,evening_rush,B,home,6,4,0.0908575714584668
4,evening_rush,B,social,3,6,0.0113713801684118
3,evening_rush,D,home,2,3,0.0434029010667213
3,other_time,D,social,3,2,0.11315959573817
5,morning_rush,B,other,2,2,0.064013288278605
5,morning_rush,B,social,5,2,0.25082444211487803
5,other_time,B,home,2,5,0.206240465104427
5,other_time,B,social,2,3,0.0157069946447244
5,evening_rush,B,home,3,5,0.12266560847505599
5,other_time,B,other,5,2,0.0977162903489571
2,other_time,D,social,2,2,0.34906003957657894
2,other_time,D,school,2,1,0.007090985452993821
2,other_time,D,social,1,1,0.00869142824721686
2,other_time,D,home,2,2,0.41551453726163595
2,other_time,D,social,1,2,0.0016306887660937
2,other_time,B,school,2,2,0.927391306703745
2,evening_rush,B,social,2,2,0.333265593760659
5,morning_rush,B,work,5,3,0.19462508937936301
5,morning_rush,D,work,5,1,0.0436033386247427
5,evening_rush,D,home,1,5,0.0512096454312941
5,other_time,D,work,1,2,0.00918411182211005
5,other_time,D,work,2,1,0.00918411182211005
5,evening_rush,D,social,5,5,0.30471693644864506
4,other_time,D,other,4,4,0.17946464845968
2,morning_rush,D,work,2,4,0.0794623232203879
2,evening_rush,D,home,4,2,0.271166488008394
5,morning_rush,D,work,4,3,0.0582878851115666
5,evening_rush,D,home,3,5,0.205210670004428
6,other_time,B,medical,2,4,0.00664904014764824
6,other_time,B,home,6,2,0.00126428686515882
6,other_time,B,home,4,6,0.0834768291791674
6,evening_rush,B,social,4,2,0.0453754237112744
6,other_time,B,work,6,4,0.101268202081138
5,other_time,D,medical,5,5,0.494652464321623
3,other_time,B,social,3,6,0.0280161372290564
3,other_time,B,social,6,6,0.0021631609789541898
3,other_time,B,home,5,3,0.269099284842274
6,other_time,D,social,6,3,0.0398349526146622
6,other_time,D,home,3,6,0.10136816279610698
5,morning_rush,B,work,4,5,0.0937838893916715
5,evening_rush,B,other,4,4,0.3965195131052029
5,morning_rush,B,other,4,4,0.0916780106362069
5,other_time,B,other,5,4,0.19122727140899698
5,morning_rush,B,social,4,4,0.11998130263012399
5,evening_rush,B,home,4,5,0.19591624624041398
2,other_time,D,work,2,2,0.0376296122804765
2,evening_rush,D,social,2,2,0.13934600303891198
2,morning_rush,D,work,2,2,0.260369049315405
4,other_time,D,social,5,3,0.0116344965497077
4,other_time,D,home,3,4,0.0864507583973307
4,other_time,D,social,3,5,0.051463950946496
4,evening_rush,D,social,3,5,0.0487327744386978
4,morning_rush,D,work,4,3,0.12036047330692001
4,other_time,D,work,5,3,0.0207060128998346
3,other_time,D,home,3,3,0.42186144401351205
6,other_time,B,work,6,6,0.5123518803234699
6,other_time,B,social,6,6,0.25775586361398
6,other_time,B,home,6,6,0.5412390538624361
2,other_time,D,social,4,4,0.0285514161532978
2,evening_rush,D,home,2,2,0.33824875979989
2,morning_rush,D,social,2,5,0.19784402862970002
2,other_time,D,social,4,2,0.0346137820984597
3,evening_rush,B,other,3,3,0.37001277019243106
3,evening_rush,B,home,3,3,0.404976387613426
3,other_time,D,social,2,3,0.0998473153593667
3,other_time,D,social,2,2,0.0149178107799281
3,other_time,D,home,2,3,0.27113369793151104
6,other_time,D,work,5,5,0.0577497753420471
6,morning_rush,D,work,6,5,0.307235488864811
6,evening_rush,D,home,5,6,0.239827305916991
6,other_time,D,social,5,5,0.0411972161999678
6,evening_rush,D,social,6,3,0.010082920901503001
3,evening_rush,D,school,3,2,0.60959773293136
2,morning_rush,B,home,2,4,0.00125342089780347
2,evening_rush,B,home,4,2,0.140783509489512
2,evening_rush,B,social,2,4,0.22435927172908202
2,other_time,B,social,4,4,0.00151847815829876
2,other_time,B,social,4,2,0.007083968515804341
2,evening_rush,B,home,2,2,0.44001803254637895
2,morning_rush,B,social,5,3,0.0430375954577531
2,morning_rush,B,social,2,5,0.191859821936496
2,other_time,B,social,3,3,0.0834201113851402
6,other_time,D,home,6,6,0.354462443646146
5,morning_rush,B,other,5,5,0.35318630893545794
5,other_time,B,other,5,5,0.27158697931378895
3,other_time,B,social,3,1,0.0530560527720824
3,other_time,B,home,1,3,0.0331810091945204
6,other_time,B,social,3,4,0.008288435836260771
6,other_time,B,social,4,6,0.0284006399730367
6,other_time,B,social,3,3,0.0570082380946667
6,other_time,B,social,6,5,0.0369746616976794
6,morning_rush,B,home,6,6,0.509353100036621
6,other_time,B,social,5,3,0.008288435836260771
2,other_time,B,work,2,2,0.322305870457008
5,other_time,D,social,4,4,0.0510314509355332
5,morning_rush,D,work,5,4,0.0980228952644345
6,morning_rush,D,social,6,1,0.0875563520699855
6,other_time,D,home,4,6,0.0860607326965703
6,other_time,D,social,1,4,0.0087389420706851
4,morning_rush,D,other,3,4,0.0588887849768434
4,morning_rush,D,social,4,3,0.123042941085005
4,morning_rush,D,social,4,5,0.11749400865652
4,morning_rush,D,home,5,4,0.0313149069521786
6,other_time,B,school,6,5,0.20870503000361104
6,other_time,B,home,5,6,0.0836572288744703
3,evening_rush,D,social,3,6,0.0513102364153273
3,other_time,D,social,3,6,0.0655636515258115
3,other_time,D,home,6,3,0.0851933088744799
3,evening_rush,D,home,6,3,0.0284410203703965
5,other_time,B,work,3,2,0.0269157236412209
5,evening_rush,B,social,5,3,0.0497064736880805
5,other_time,B,social,5,4,0.0414582425664496
6,other_time,B,social,6,2,0.0445566458630675
6,other_time,B,home,1,6,0.00249553409894783
6,other_time,B,social,2,1,0.00041551373574523503
3,morning_rush,B,work,3,2,0.17100486031098
3,morning_rush,B,social,3,3,0.0426003001620351
3,evening_rush,B,social,2,2,0.0024927420870768397
3,morning_rush,B,medical,2,2,0.627646512847349
3,evening_rush,B,work,2,4,0.00220527558710805
3,evening_rush,B,social,4,2,0.00623487708444236
3,other_time,B,home,2,3,0.24211968052168303
3,other_time,B,social,3,2,0.13949889073123
3,other_time,B,social,2,5,0.0407960185777947
3,other_time,B,social,2,3,0.00976547117511256
3,other_time,B,work,5,2,0.11516466933327998
3,evening_rush,B,social,3,3,0.41711839748046203
5,other_time,B,social,5,2,0.0771584217012056
3,morning_rush,B,work,3,3,0.40997504404912105
3,other_time,B,home,6,3,0.0600761699929314
3,evening_rush,B,school,3,6,0.015612663973699
5,evening_rush,B,home,2,5,0.116364943176002
5,other_time,B,medical,2,5,0.0463729597249922
5,other_time,B,work,5,2,0.136340925797697
4,morning_rush,D,social,4,2,0.167370424344956
4,other_time,D,work,2,4,0.0461625743583847
2,other_time,B,social,2,6,0.02880510583265
2,other_time,B,home,6,2,0.0355235904487408
3,other_time,B,medical,3,2,0.200121733937874
3,other_time,B,other,2,2,0.0250715928792852
4,evening_rush,B,school,4,4,0.759646202932259
2,other_time,B,work,2,5,0.15693863666306498
4,other_time,D,social,3,3,0.0283989067290488
5,evening_rush,D,social,2,5,0.0253192579765543
5,evening_rush,D,social,5,2,0.0583812253529085
4,other_time,D,work,3,1,0.0106347109570396
4,morning_rush,D,work,3,3,0.0170593431747051
4,evening_rush,D,home,3,4,0.09369717849509901
4,other_time,D,work,1,3,0.0106347109570396
6,evening_rush,D,other,6,6,0.43436169413233794
6,other_time,D,home,2,6,0.104941629089515
6,other_time,D,social,2,2,0.0282519663960457
6,other_time,D,social,6,6,0.14699947306474698
6,morning_rush,D,other,6,6,0.6416507885093979
6,other_time,D,social,6,2,0.0292758090838689
6,morning_rush,D,home,6,6,0.350885797218169
6,evening_rush,D,home,2,6,0.129768637993565
6,morning_rush,D,work,1,2,0.00810473932701596
6,morning_rush,D,other,6,1,0.0214680682629031
6,other_time,D,work,6,2,0.0678892844632972
5,evening_rush,B,other,2,5,0.0171146064883676
5,morning_rush,B,work,5,2,0.0747352728143429
5,evening_rush,B,other,5,2,0.10449278397023501
2,evening_rush,B,work,2,2,0.959510585849953
2,other_time,B,social,3,2,0.0438516805037781
3,other_time,B,social,3,5,0.118102356251493
2,other_time,B,school,4,4,0.0034534972198117697
4,other_time,B,work,4,4,0.38332247009591996
6,morning_rush,B,other,6,2,0.0929985629975473
6,other_time,B,social,5,2,0.0291914248259181
6,other_time,B,work,2,5,0.0183111361972514
6,other_time,B,work,6,5,0.0438752360680783
6,other_time,B,home,2,6,0.0706629154862457
6,morning_rush,B,work,2,2,0.0279340117742725
2,morning_rush,B,social,2,3,0.17440441987603103
4,evening_rush,D,home,2,4,0.11164541160885301
4,morning_rush,D,social,3,3,0.0442808753456395
4,other_time,D,other,4,3,0.18319607438924398
4,morning_rush,D,other,4,3,0.0507711044687041
6,other_time,B,other,6,6,0.234865654886076
6,other_time,B,social,2,2,0.0231121911108215
6,morning_rush,B,social,6,6,0.346660163222645
6,other_time,B,medical,6,2,0.0103325822820703
5,morning_rush,D,home,4,5,0.0160042532910326
5,morning_rush,D,social,4,4,0.007496306628750521
3,other_time,B,work,3,5,0.075688466285365
3,other_time,B,social,5,5,0.115882874879447
3,morning_rush,B,social,5,5,0.15131389287648997
2,evening_rush,B,social,4,2,0.00215445948456149
2,evening_rush,B,work,1,2,0.0404894141500475
2,other_time,B,other,6,2,0.0052066208167394
3,evening_rush,B,social,3,4,0.14597195754702802
3,morning_rush,B,social,3,4,0.120114362007016
3,morning_rush,B,home,3,3,0.74091169231962
3,other_time,B,medical,3,4,0.148052204880012
3,morning_rush,B,home,4,3,0.250788475823353
4,other_time,B,social,4,5,0.0572880386897082
6,morning_rush,D,school,6,2,0.0829019006967662
6,morning_rush,D,work,2,2,0.00670552740435296
4,other_time,B,home,2,4,0.0539944897390145
5,other_time,D,school,3,5,0.0320145494470728
5,morning_rush,D,work,5,3,0.24877621506109804
5,other_time,D,school,5,5,0.44343475309319397
5,evening_rush,D,other,5,5,0.25259797743549695
2,evening_rush,D,school,2,6,0.0499371118202397
2,other_time,D,home,6,2,0.07199660237569
3,other_time,D,social,3,3,0.38482031631948904
2,other_time,B,work,4,1,0.00222557537698834
2,other_time,B,home,1,2,0.0215841440512258
2,other_time,B,medical,2,4,0.113588774027131
3,other_time,D,home,5,3,0.151414020233977
3,morning_rush,D,work,3,3,0.41309357788456796
3,evening_rush,D,home,3,3,0.501771276669112
3,other_time,D,social,3,5,0.119668599951965
3,morning_rush,B,home,3,6,0.00829983185702693
3,evening_rush,B,home,6,3,0.0426565201616963
4,morning_rush,B,other,4,5,0.126501845810608
4,morning_rush,B,home,5,4,0.0124554577204961
4,morning_rush,B,social,5,3,0.00288129512192456
4,morning_rush,B,social,3,5,0.00288129512192456
5,evening_rush,D,work,5,3,0.051682074015554004
5,other_time,D,other,5,5,0.46644108717580995
2,other_time,B,medical,2,2,0.6688367092770279
2,other_time,B,social,5,6,0.00267094207195431
5,morning_rush,D,work,5,5,0.238127519298961
5,other_time,D,work,5,5,0.181950689574868
6,other_time,D,social,2,6,0.00100299921458484
2,morning_rush,D,school,2,2,0.254751846136117
2,morning_rush,D,other,2,2,0.34731628575978496
3,evening_rush,B,home,5,3,0.19346057716254603
3,evening_rush,B,social,2,5,0.0191571130956461
5,other_time,D,social,4,3,0.00991262702992248
5,other_time,D,medical,5,4,0.0448012200576305
5,other_time,D,social,3,3,0.0518436749268412
5,other_time,D,medical,5,3,0.239079288684254
2,morning_rush,B,medical,2,4,0.0132021165757737
4,evening_rush,B,social,2,4,0.0162604992754715
4,other_time,B,social,3,2,0.00240548157789216
2,evening_rush,B,home,3,2,0.131718514190704
2,other_time,B,social,5,5,0.13971554839935998
2,evening_rush,B,social,2,3,0.0161339677532792
4,other_time,B,home,5,4,0.20783232933625895
4,morning_rush,B,school,4,5,0.0294184236882054
5,other_time,D,social,5,6,0.0123825951860788
5,other_time,D,home,6,5,0.019762134660455004
6,evening_rush,B,social,6,6,0.17356818461837803
2,morning_rush,B,other,2,6,0.0674702133085504
5,evening_rush,B,social,6,5,0.0157532977702295
5,morning_rush,B,work,5,6,0.0143943777136684
4,other_time,D,work,4,4,0.0584406262109915
2,other_time,D,home,1,2,0.0188837837982175
2,other_time,D,social,5,5,0.0764962248932589
2,morning_rush,D,home,2,2,0.492589809735543
2,other_time,D,social,2,1,0.0284098256129107
2,other_time,D,social,2,5,0.0993051969872303
3,evening_rush,D,social,3,3,0.370870405368971
3,morning_rush,D,social,3,3,0.265260052137909
2,other_time,D,work,2,4,0.15997250190344597
2,other_time,B,social,5,2,0.0202679112133659
6,evening_rush,B,social,6,3,0.0031185722993691
6,other_time,B,home,3,6,0.0301776587657352
2,evening_rush,B,social,5,5,0.0480702758534259
2,evening_rush,D,social,3,2,0.0874951027213363
2,morning_rush,D,work,2,3,0.130558942206694
5,other_time,B,social,3,2,0.00865046855124935
5,evening_rush,B,social,5,2,0.153820451285298
5,other_time,B,other,2,3,0.0125349575979553
5,evening_rush,B,social,2,5,0.0644612453339217
6,other_time,D,social,3,1,0.000398345205505868
6,other_time,D,home,1,6,0.00783814659797571
6,other_time,D,medical,6,5,0.00362435812911185
2,other_time,D,work,5,2,0.0575264104932746
2,evening_rush,D,social,2,4,0.0615788705015924
2,other_time,D,work,2,5,0.18970614841649397
5,morning_rush,D,social,5,4,0.125500101682145
4,other_time,D,work,2,3,0.0152826054479857
4,evening_rush,D,social,4,4,0.18136768838571898
4,other_time,D,work,3,2,0.00642458301451306
3,other_time,B,social,1,5,0.0340206064008715
5,morning_rush,D,social,5,3,0.17514847557322
2,morning_rush,D,work,2,5,0.308896104919915
2,evening_rush,D,home,5,2,0.310544244962041
5,other_time,D,work,3,5,0.0518373060415497
2,other_time,B,other,3,2,0.10330162724152
5,other_time,D,school,5,3,0.261825853384742
5,other_time,D,other,3,5,0.0650242758095962
5,evening_rush,D,social,3,5,0.0324189207421745
5,morning_rush,D,school,5,3,0.0297448680282354
4,other_time,D,other,3,3,0.000815632558608001
4,evening_rush,D,social,4,3,0.0211031247030842
4,evening_rush,D,social,3,4,0.0848847616209104
4,evening_rush,D,social,4,5,0.14667503299133802
5,other_time,B,home,6,5,0.00856018311410823
3,morning_rush,D,medical,3,4,0.8748929805482081
3,other_time,D,social,5,2,0.0233096029796589
3,other_time,D,work,2,5,0.0483616397700519
3,other_time,D,work,4,5,0.0950466709816269
6,other_time,D,social,4,5,0.102618409264879
6,other_time,D,medical,6,4,0.885921112355405
6,other_time,D,social,5,4,0.103129938004478
6,other_time,D,social,4,6,0.103129938004478
5,other_time,B,social,4,2,0.00540493790317554
5,evening_rush,B,social,3,3,0.0166913875036527
5,other_time,B,social,2,2,0.0301554169566589
5,morning_rush,D,social,5,6,0.027918768947971004
5,evening_rush,D,social,3,4,0.0582570710610211
2,morning_rush,D,work,1,4,0.0013694422586847301
2,morning_rush,D,social,2,1,0.00330586642435098
4,other_time,D,social,5,5,0.0245363766557212
3,other_time,D,home,1,3,0.0136056137810824
3,other_time,D,social,3,1,0.00256071648016652
3,other_time,D,social,2,1,0.00128035824008326
3,other_time,D,social,1,2,0.00128035824008326
3,evening_rush,D,school,3,3,0.164779484571883
3,morning_rush,D,other,3,5,0.12076391509829501
3,other_time,D,social,5,3,0.0143066330021277
3,other_time,D,work,6,3,0.0332107402806128
3,other_time,D,work,5,3,0.0332107402806128
5,morning_rush,B,work,5,5,0.382761838355414
5,other_time,B,social,1,1,0.11447309065549699
5,other_time,B,other,5,1,0.0871067148251121
5,evening_rush,B,social,1,1,0.0863079614233132
3,other_time,D,work,3,2,0.28507605545297904
3,evening_rush,D,social,2,3,0.0494018697316896
3,other_time,D,other,3,2,0.0804063155268347
3,morning_rush,D,social,3,2,0.48355726082874106
3,evening_rush,D,other,3,2,0.10868167434127302
3,other_time,D,work,3,3,0.223283723730429
3,morning_rush,D,home,2,3,0.033185449489041
4,other_time,B,social,6,3,0.007511440355067771
4,other_time,B,social,4,6,0.0214343057634885
4,evening_rush,B,home,3,4,0.0937346269400279
4,other_time,B,other,6,4,0.070003060182517
5,other_time,B,work,2,5,0.023933625982912002
2,other_time,D,social,6,5,0.00146842362678852
2,other_time,D,social,5,6,0.008070147074010041
2,other_time,D,social,6,2,0.00100062788203467
5,other_time,B,other,3,2,0.0551802158521486
6,other_time,B,social,3,6,0.00671433196408813
6,other_time,B,medical,4,3,0.0500337221941991
6,other_time,B,social,6,4,0.0631405461852645
4,morning_rush,D,work,4,2,0.106805005430954
3,evening_rush,B,social,4,3,0.11927013840466599
5,morning_rush,B,other,5,6,0.005604266834248179
5,evening_rush,B,other,5,6,0.024239194775351
5,morning_rush,B,home,6,5,0.007512630568104791
2,other_time,D,home,3,2,0.10102109485507801
2,evening_rush,D,social,2,3,0.0337976634985919
2,evening_rush,B,other,6,6,0.0587595727231894
2,morning_rush,B,work,6,6,0.009558297644511821
2,other_time,D,social,4,5,0.0624105089990913
2,other_time,B,other,2,2,0.130864344581778
4,evening_rush,B,social,4,2,0.00165604430260229
5,other_time,D,home,4,5,0.11306093290472699
5,other_time,D,social,1,1,0.00338723742777836
5,other_time,D,work,1,1,0.0115940590666472
2,evening_rush,D,social,6,2,0.0442781090936842
2,other_time,D,social,2,3,0.00844645153650519
6,evening_rush,B,home,6,4,0.000731981036308612
2,evening_rush,D,home,6,2,0.0149378880930521
2,other_time,D,social,2,6,0.0155063913470322
2,evening_rush,B,home,5,2,0.22715828518161
2,morning_rush,B,social,2,4,0.0142607652186697
2,morning_rush,B,social,4,2,0.0142607652186697
4,other_time,D,home,6,4,0.0048520240520680295
4,evening_rush,D,home,6,4,0.0366393622188616
4,morning_rush,D,work,4,6,0.00593636942582358
4,evening_rush,D,home,4,6,0.000370102638856899
6,other_time,B,social,2,5,0.0046716751166786296
6,other_time,B,social,5,4,0.0046716751166786296
6,other_time,B,social,5,5,0.0177934911620375
6,other_time,B,social,4,2,0.00850714627862813
5,other_time,B,work,5,4,0.00914441865315036
2,other_time,D,work,5,4,0.0172435545728005
6,evening_rush,D,social,5,2,0.0860129058860662
6,evening_rush,D,other,6,5,0.24133450388917002
4,other_time,B,social,2,4,0.00355057587788703
4,morning_rush,B,other,4,6,0.14012267403101097
4,other_time,B,social,2,2,0.0254464283248288
4,morning_rush,B,other,6,3,0.10316423445661599
4,morning_rush,B,home,3,4,0.15333529155944198
4,evening_rush,B,home,5,4,0.14732681239512
4,other_time,B,work,4,5,0.0128900103950402
4,morning_rush,B,work,4,5,0.153279111909275
6,evening_rush,D,home,4,6,0.0586166996480593
6,evening_rush,D,social,6,4,0.0895230748568727
6,morning_rush,D,social,6,6,0.15184590647929097
6,morning_rush,D,work,6,4,0.0506475606553091
6,other_time,D,other,6,6,0.146166374467836
4,morning_rush,D,other,4,4,0.264311764664943
6,evening_rush,D,social,6,2,0.0786965912503632
5,morning_rush,D,social,5,2,0.10280986604632301
5,other_time,D,other,2,5,0.0232013086885121
5,other_time,D,social,2,4,0.00571503325196567
5,morning_rush,D,home,2,5,0.128400576508918
4,morning_rush,D,home,2,4,0.367617745574219
4,other_time,D,other,4,2,0.235555136673029
4,morning_rush,D,other,4,2,0.239857686842169
4,evening_rush,D,social,4,6,0.0377961614355448
2,evening_rush,B,social,5,2,0.0156195458968833
2,morning_rush,B,work,2,5,0.0413436573742293
4,other_time,D,social,3,4,0.0697738459026519
4,other_time,D,medical,4,4,0.399362618420011
2,other_time,D,social,5,3,0.0153121313890411
2,other_time,D,medical,2,5,0.545799278432916
6,morning_rush,B,school,6,6,0.842113085600596
5,morning_rush,D,home,3,5,0.0628911654172762
3,evening_rush,B,home,2,3,0.065547433838112
3,evening_rush,B,social,1,2,0.0187632375670655
3,evening_rush,B,social,3,1,0.0367466310518678
3,other_time,B,social,2,2,0.0803778378448575
4,other_time,B,social,3,4,0.0128583329344077
1,morning_rush,B,work,1,5,0.28931004362382695
4,other_time,B,home,6,4,0.083747225728948
4,evening_rush,B,school,6,4,0.21288756455508198
6,other_time,D,social,6,4,0.0728901062450993
6,morning_rush,D,social,4,4,0.155162092381346
6,morning_rush,D,social,6,4,0.233528544256743
5,evening_rush,D,school,5,5,0.249431018387925
6,other_time,B,social,1,6,0.0059710886115149
6,other_time,B,other,2,1,0.135749760858699
6,other_time,B,social,3,1,0.0114420667658311
6,other_time,B,school,1,2,0.22720539732843303
6,other_time,B,other,6,3,0.135749760858699
4,morning_rush,B,social,4,4,0.13657351295369902
4,other_time,D,work,4,2,0.09436931518461099
4,evening_rush,D,work,4,2,0.30973184539043397
3,other_time,D,medical,3,3,0.9447130329246619
3,other_time,D,social,5,5,0.094468762502121
4,morning_rush,D,work,4,5,0.128053115579385
2,evening_rush,B,other,2,6,0.0347760421297067
2,morning_rush,B,other,2,2,0.17715048573545103
2,other_time,B,other,2,4,0.0202270887157368
2,morning_rush,B,other,2,4,0.0126627870966522
2,morning_rush,B,home,4,2,0.0135510398014653
6,evening_rush,D,social,1,4,0.00430696243469391
6,evening_rush,D,social,4,4,0.007668555578301079
6,evening_rush,D,social,4,1,0.00430696243469391
6,evening_rush,D,social,1,1,0.0021225890015846897
6,morning_rush,D,other,6,4,0.0429034129736429
3,evening_rush,B,home,1,3,0.0180233968573443
3,evening_rush,B,social,2,1,0.0118287572241696
3,evening_rush,B,social,3,2,0.15706370162615502
3,other_time,B,work,3,3,0.0884101117168815
6,evening_rush,B,home,5,6,0.0803661010284016
4,other_time,D,home,5,5,0.00542421280357645
6,other_time,B,social,3,5,0.0012039599297516699
6,other_time,B,social,6,3,0.0101633035713901
4,morning_rush,D,other,4,5,0.0684517221342353
2,evening_rush,B,social,4,3,0.00564038484657885
2,morning_rush,B,work,2,4,0.201725386252832
2,evening_rush,B,school,2,3,0.152309861037861
4,other_time,D,social,1,4,0.000746842932284625
4,other_time,D,social,4,1,0.0148193163568005
4,other_time,B,other,4,1,0.0013327978266606901
4,other_time,B,home,1,4,0.000209998793392166
4,other_time,B,social,1,1,0.00028602267827217
4,other_time,B,medical,4,5,0.0039360419690567605
4,other_time,B,other,1,1,0.0013327978266606901
4,morning_rush,B,other,4,2,0.0854382202396376
4,other_time,B,other,4,2,0.0938337822184787
4,other_time,B,other,1,2,0.0013327978266606901
4,morning_rush,B,home,2,4,0.0652440782033518
4,other_time,B,home,2,1,0.000209998793392166
4,other_time,B,other,2,2,0.00716311070716822
5,evening_rush,B,medical,5,3,0.21620632911114201
3,other_time,D,work,3,5,0.145844777780053
3,evening_rush,D,other,5,3,0.46832719497736996
3,morning_rush,D,work,3,5,0.361961543731506
2,other_time,D,other,2,2,0.0640271404519364
2,morning_rush,B,medical,2,1,0.34863310049550605
6,morning_rush,D,work,6,2,0.0955055270527533
2,other_time,D,social,1,3,0.00507495728371511
4,other_time,B,social,5,5,0.0247662063812035
4,other_time,B,other,4,5,0.258064164615392
4,other_time,B,home,4,6,0.0100480244945759
4,evening_rush,B,social,4,5,0.0859734612683474
3,other_time,D,other,3,3,0.20114152221442602
3,other_time,D,other,3,6,0.05064873259126901
3,other_time,D,social,6,2,0.00285853208089894
3,evening_rush,D,other,3,3,0.0965717328558464
4,evening_rush,D,other,2,5,0.337819323787312
4,evening_rush,D,social,5,3,0.096392964941843
4,other_time,D,social,2,2,0.0511764713941402
6,evening_rush,B,home,3,6,0.102620260536774
5,other_time,D,work,4,2,0.009535665987322691
5,morning_rush,D,work,3,5,0.0111314828202207
5,morning_rush,D,other,5,3,0.196814488371085
2,other_time,D,school,2,3,0.20913451797533802
2,other_time,D,social,3,2,0.0313493819050358
4,morning_rush,D,other,5,2,0.0505255042854572
4,other_time,D,work,2,6,0.0746763210952767
4,other_time,D,social,6,5,0.0129797180988943
4,other_time,D,work,6,2,0.0265094945373796
2,morning_rush,D,work,3,2,0.0132288985680712
2,morning_rush,D,social,2,3,0.0386541403497828
3,morning_rush,D,work,3,4,0.0248308423265753
3,evening_rush,D,school,3,6,0.034318304351787
3,evening_rush,D,home,4,3,0.0845989125512495
4,evening_rush,D,school,4,4,0.163061565946485
2,other_time,B,work,1,2,0.00341915879926007
4,evening_rush,B,home,2,4,0.056541507187989996
4,evening_rush,B,school,4,2,0.0274662325126597
6,other_time,D,work,4,4,0.000815436047613004
6,other_time,D,social,4,4,0.0314579315384106
5,other_time,D,social,6,5,0.00519626505337222
5,morning_rush,B,social,5,3,0.033511793877235
5,morning_rush,B,home,3,5,0.0605525032150946
2,morning_rush,D,social,2,2,0.271362616137081
5,other_time,D,home,1,5,0.0277965147692897
5,other_time,D,work,5,1,0.0484886868938874
5,other_time,D,social,5,1,0.0259483688891555
5,evening_rush,B,social,5,4,0.0180306904665498
5,evening_rush,B,social,4,4,0.0032338849482962603
5,other_time,B,other,4,5,0.023983415270147003
5,morning_rush,B,work,2,4,0.00468600624483269
5,morning_rush,B,home,4,5,0.150140204053588
2,evening_rush,B,other,2,2,0.337579504740222
1,other_time,B,work,1,6,0.0407942877324308
1,morning_rush,B,work,1,6,0.0686217621611969
1,evening_rush,B,home,2,1,0.4751634757854699
1,evening_rush,B,social,6,2,0.24322193621198301
1,other_time,B,home,6,1,0.0219597965322578
2,other_time,B,work,2,3,0.210628545296755
4,other_time,D,social,4,2,0.0289543565025808
6,morning_rush,B,medical,6,2,0.0256128758015318
6,other_time,B,medical,2,1,0.00100941670651215
6,other_time,B,social,2,4,0.0115462981481975
6,other_time,B,medical,1,2,0.000504724132170433
6,other_time,D,social,5,6,0.0436505114854746
4,morning_rush,D,school,4,2,0.0965002685893231
4,morning_rush,D,work,2,4,0.032130928302720005
4,morning_rush,B,social,4,2,0.47496761987064706
4,morning_rush,B,work,2,5,0.00799802269955179
3,other_time,B,school,3,3,1.0
3,other_time,B,social,5,2,0.0017761757958662898
5,evening_rush,B,social,3,4,0.0209747609238722
5,evening_rush,B,social,2,3,0.0419495218477444
5,morning_rush,B,other,5,2,0.169129017412973
5,evening_rush,B,social,3,2,0.0443703224339916
5,morning_rush,B,home,2,5,0.201773026414423
3,other_time,B,home,3,6,0.00025312667110959905
3,evening_rush,B,social,6,6,0.00025588535573734905
5,evening_rush,D,social,4,4,0.0340357695022621
6,other_time,B,work,2,6,0.11199189763977699
6,other_time,B,work,6,2,0.0047852606449717795
4,morning_rush,D,home,3,4,0.0388105799935502
5,other_time,D,social,2,2,0.0154066468480043
5,other_time,D,work,1,5,0.00213568788230246
2,other_time,B,medical,2,5,0.18199389948303699
2,evening_rush,B,social,6,6,0.0083265720099894
5,other_time,D,medical,5,2,0.0047141935758905
5,other_time,D,social,2,1,0.00019128607993615902
5,other_time,D,medical,2,5,0.14072006168798099
6,morning_rush,D,social,6,5,0.00538798112606263
6,evening_rush,D,home,3,6,0.0366953168503677
5,morning_rush,D,school,5,5,0.836893886469168
2,other_time,D,other,2,5,0.15204143007940302
2,morning_rush,D,social,5,5,0.0539245852847711
2,morning_rush,D,home,5,2,0.22427452169474804
6,other_time,D,school,6,3,0.10993255760647601
6,evening_rush,D,work,6,4,0.223365490273335
4,other_time,B,home,3,4,0.0663786950233627
4,evening_rush,B,home,4,2,0.000435278879847464
6,evening_rush,D,social,4,6,0.000811511318682051
6,morning_rush,D,home,4,6,0.0038158311667824
6,morning_rush,B,work,2,4,0.0179716277331126
6,morning_rush,B,school,6,2,0.0779406047468653
2,evening_rush,D,social,1,6,0.0119708319034728
2,morning_rush,D,work,2,1,0.0146657168854562
2,other_time,D,social,5,2,0.009210175964751809
6,evening_rush,D,social,6,6,0.13587140394907699
4,other_time,B,other,2,4,0.0414370448354477
4,morning_rush,B,work,4,2,0.080758283601916
4,morning_rush,B,medical,1,2,0.990180776829652
4,other_time,B,social,1,2,0.014706115060906001
4,other_time,B,social,2,1,0.015783343063947
4,morning_rush,B,social,4,1,0.148254909331678
4,other_time,B,medical,2,5,0.404750325611755
2,evening_rush,D,home,3,2,0.0264575109304211
1,morning_rush,D,work,1,6,0.737124691711313
5,other_time,D,work,2,5,0.026963009564827996
6,morning_rush,D,medical,2,5,0.0276903411168768
6,other_time,D,social,5,2,0.00027115773012235
6,other_time,D,social,2,1,0.0207765016151449
6,morning_rush,D,social,6,2,0.18059014627505898
6,morning_rush,D,social,2,2,0.0231763895637682
6,other_time,D,social,1,2,0.000893836323035392
4,other_time,D,social,5,2,0.0194911643861292
4,evening_rush,D,other,4,4,0.0411825719920132
4,other_time,D,social,4,6,0.0040230040997984206
4,evening_rush,D,social,2,4,0.00114453593904512
4,other_time,D,other,4,5,0.0837361358213135
4,other_time,D,school,4,5,0.23733003792797897
2,other_time,B,home,2,6,0.00316379069749932
4,morning_rush,D,social,5,4,0.0496728424414346
4,morning_rush,D,other,5,5,0.0585811998860465
4,evening_rush,D,other,4,5,0.105569449152095
3,other_time,B,other,3,5,0.0981043261897304
3,other_time,B,other,3,3,0.7044541943024909
3,morning_rush,B,school,3,2,0.562487680222421
5,evening_rush,B,home,1,5,0.0178008021322415
5,evening_rush,B,social,5,1,0.0479994161338593
5,morning_rush,B,school,5,4,0.0200842559646785
5,other_time,B,medical,4,2,0.0314564190672897
3,other_time,B,medical,3,3,0.0123015474271798
2,morning_rush,B,school,2,2,0.738097258020035
5,other_time,D,social,3,4,0.00795528977910899
5,evening_rush,D,social,4,3,0.029257249176580003
5,evening_rush,D,social,5,4,0.0980176718359547
2,morning_rush,D,home,3,2,0.00802541427430339
4,other_time,B,school,4,5,0.6466180192341059
2,evening_rush,D,social,5,5,0.0105598875326248
5,evening_rush,B,home,6,5,0.0134271436992205
6,evening_rush,B,social,6,5,0.0826773854818438
4,other_time,D,work,2,2,0.00263928184460245
4,evening_rush,D,social,2,5,0.0015337053689773099
4,other_time,D,social,3,2,0.00363182667842044
4,other_time,D,social,6,3,0.00042665444076731
4,other_time,D,school,2,2,0.00652683769970997
4,morning_rush,D,social,4,6,0.00872237824755815
6,evening_rush,D,social,3,3,0.0009827632955849632
6,morning_rush,D,work,6,3,0.0256009521470878
5,other_time,B,work,2,1,0.00397329091075027
5,other_time,B,social,2,5,0.0175155772374847
5,other_time,B,work,5,1,0.00397329091075027
5,evening_rush,B,social,1,2,0.0293852530340157
5,other_time,B,school,1,2,0.0217570552495134
3,evening_rush,D,social,5,5,0.0491028168670258
3,morning_rush,D,home,5,3,0.564974467173234
3,evening_rush,D,home,5,3,0.26383937847488004
6,other_time,B,home,2,5,0.00174574829899515
6,morning_rush,B,home,6,5,0.035927079872473
6,other_time,B,school,6,2,0.118031259327779
6,other_time,B,social,4,3,0.007381774080606959
2,other_time,D,social,1,5,0.00148145374212133
6,morning_rush,B,work,6,3,0.17742216111251
6,other_time,D,social,3,6,0.0165282912080934
6,other_time,D,social,2,3,0.000213662502115301
6,morning_rush,B,social,6,5,0.00649737263515137
6,morning_rush,B,other,6,6,0.125369235326762
6,other_time,B,other,5,5,0.013631303567192
6,morning_rush,D,work,6,1,0.0132198188420991
6,evening_rush,D,home,1,6,0.00283976016609115
3,other_time,D,home,4,3,0.0499088234396512
2,other_time,D,work,2,6,0.0118759651051453
2,evening_rush,D,social,5,3,0.0131698769625831
5,morning_rush,B,work,5,4,0.10624109603501801
1,other_time,B,social,1,5,0.6485841621878969
1,other_time,B,home,2,1,0.7901427655490741
1,other_time,B,work,5,2,0.585648581341118
4,evening_rush,D,school,4,2,0.009465887204588259
3,other_time,D,school,2,2,0.0394605283025878
5,morning_rush,B,school,5,5,0.9592547377200659
5,evening_rush,B,other,5,5,0.118300546793095
6,morning_rush,B,social,6,2,0.40435072023974605
6,other_time,B,social,2,6,0.0024965228129086
2,evening_rush,D,school,3,3,0.211011978088805
5,other_time,D,social,6,6,0.0015892728238819
5,other_time,D,social,1,3,0.00382327249443352
4,other_time,D,work,4,3,0.10422900142522698
3,morning_rush,D,work,3,2,0.00470406164576942
3,evening_rush,D,other,3,4,0.0196298019470715
2,evening_rush,B,social,3,4,0.00181133133334119
2,evening_rush,B,social,4,1,0.00181133133334119
6,morning_rush,B,social,6,3,0.0240707909867074
2,morning_rush,D,work,3,1,0.0554339845989683
2,other_time,D,social,3,5,0.014806482828578998
2,morning_rush,D,other,2,3,0.17199744527596303
2,other_time,D,other,1,3,0.0773059406549285
2,morning_rush,D,social,3,3,0.133818967022186
5,other_time,B,medical,5,4,0.103957090519378
4,other_time,D,other,5,5,0.0361718561876196
4,other_time,D,medical,5,4,0.152172662298169
4,morning_rush,D,work,5,5,0.0346506389787804
3,morning_rush,B,social,3,2,0.28433204223855896
3,other_time,B,work,2,5,0.13438097148387199
3,evening_rush,B,school,2,5,0.814441527321425
5,morning_rush,D,work,3,3,0.0126725733471915
5,other_time,D,other,5,3,0.119267384408769
5,morning_rush,D,other,3,3,0.0452891872673781
5,other_time,D,work,5,3,0.17658279223712
5,evening_rush,D,work,3,2,0.0750604466919084
4,evening_rush,B,social,2,5,0.00802342559485269
4,other_time,B,work,1,2,0.00646686703926896
4,other_time,B,other,5,5,0.0412961135378369
5,other_time,D,social,3,2,0.000896325687667952
4,morning_rush,D,school,4,4,0.292040958238791
2,other_time,B,work,4,2,0.00464705222682459
2,other_time,B,work,2,4,0.16063324868344198
6,morning_rush,D,other,6,5,0.00679464112665558
4,morning_rush,D,social,5,5,0.0062541186239137795
6,other_time,B,work,4,4,0.000471375975510928
6,other_time,B,social,4,4,0.0318296501547351
4,other_time,B,other,4,6,0.00957453267050649
3,evening_rush,D,social,3,4,0.11345444847450599
1,other_time,D,work,1,2,0.0775180338855659
1,other_time,D,home,1,1,1.0
1,morning_rush,D,work,1,4,0.134658490715531
1,evening_rush,D,home,2,1,0.5122523358780061
1,other_time,D,social,1,1,0.188970452352912
1,other_time,D,social,4,1,0.0968005556297027
5,evening_rush,B,social,1,5,0.0108213233503447
4,other_time,D,other,3,4,0.0530544741442199
2,evening_rush,B,other,3,2,0.28444244020344106
6,evening_rush,B,social,2,6,0.0622290539511664
6,morning_rush,B,work,2,5,0.129277374701572
6,evening_rush,B,social,6,2,0.0644220239839036
6,evening_rush,B,social,2,2,0.174656040295714
6,evening_rush,B,home,2,6,0.17150299378797598
6,other_time,B,work,5,5,0.0847431308654282
2,morning_rush,D,other,2,5,0.4597505804538611
2,evening_rush,D,other,2,5,0.0402095564860157
4,evening_rush,B,other,2,3,0.0584165636614781
4,morning_rush,B,social,3,4,0.031874142885362
4,evening_rush,B,other,3,6,0.0584165636614781
5,evening_rush,D,social,5,6,0.0249795382602695
5,other_time,D,medical,5,1,0.0439757901772096
5,evening_rush,B,other,5,4,0.0602503557006763
2,other_time,D,school,2,2,0.212014505608329
6,morning_rush,D,home,2,6,0.0578079161893147
6,evening_rush,D,work,6,6,0.019117226641228002
2,evening_rush,D,social,2,6,0.028291412533979998
4,other_time,D,home,1,4,0.0464152505060294
4,other_time,D,social,1,1,0.0223336503225853
4,other_time,D,social,5,1,0.0207010365739524
4,evening_rush,D,social,4,1,0.0401416651693683
4,other_time,D,social,1,5,0.0247618454004321
5,other_time,D,work,4,5,0.0063023590101962
2,other_time,D,medical,2,2,0.20590522204508102
4,other_time,D,school,4,2,0.22185060495327802
4,other_time,D,social,2,4,0.00927210400329603
2,morning_rush,D,medical,2,2,0.7113813168529759
4,other_time,D,medical,4,5,0.121821180016342
3,other_time,D,social,4,4,0.0129590529317494
3,other_time,D,social,3,4,0.0199535379602342
2,other_time,B,other,2,3,0.0999290675835659
2,morning_rush,B,other,2,5,0.33722095495305704
2,morning_rush,B,other,5,3,0.16679209914914903
2,morning_rush,B,home,3,2,0.17849201418995803
5,morning_rush,B,other,3,5,0.0642606823450744
5,other_time,B,other,5,3,0.0034175532632841604
5,evening_rush,B,other,4,5,0.0569583602323327
5,other_time,B,social,4,4,0.0145433343574133
2,morning_rush,D,medical,2,5,0.0639946612289944
5,other_time,B,work,5,6,0.0226507445897081
5,morning_rush,B,social,3,3,0.0417732984281022
5,morning_rush,B,social,6,3,0.0417732984281022
2,evening_rush,D,school,2,3,0.35304742586268106
2,other_time,D,school,3,2,0.065337820084052
4,other_time,D,social,6,6,0.0014603601350034801
4,other_time,D,work,6,6,0.000420325548180066
4,other_time,D,social,1,3,0.00290564826322325
5,other_time,B,social,3,3,0.00596602678870686
6,other_time,D,social,4,3,0.0439284857851709
5,other_time,B,school,4,5,0.161184632285743
3,other_time,B,social,5,6,0.00101468842077762
6,other_time,B,social,5,6,0.0118336458557265
3,morning_rush,D,medical,3,2,0.125107019451792
5,other_time,D,work,3,2,0.00919097127451078
5,other_time,D,work,2,3,0.00919097127451078
5,other_time,D,social,2,3,0.009255732450007891
3,evening_rush,B,work,6,3,0.000990937078932811
3,other_time,B,other,3,6,0.00412751654852958
6,morning_rush,B,social,3,2,0.0184095636835296
3,evening_rush,B,social,3,5,0.0116079086804026
3,other_time,D,school,3,3,0.938829171644819
6,other_time,D,work,6,5,0.312781778130489
4,evening_rush,B,work,4,3,0.0698423788610202
4,other_time,B,home,4,3,0.00677604686748382
4,other_time,B,other,4,4,0.19015922811998104
5,other_time,B,school,5,2,0.0583874512821683
6,morning_rush,B,home,3,6,0.007039556003560991
5,other_time,B,home,1,5,0.0311115502564768
5,other_time,B,work,4,1,0.0466097294481435
3,morning_rush,B,other,3,3,0.76410817780773
3,evening_rush,B,other,2,3,0.253873723484316
5,morning_rush,D,other,5,2,0.0743672842744414
5,morning_rush,D,work,2,2,0.0012942173505654199
5,evening_rush,D,other,2,2,0.006237401923944071
4,other_time,D,social,3,1,0.0035786703882149796
6,other_time,D,other,3,2,0.11831531139763002
3,other_time,D,work,3,4,0.0557106751668565
3,evening_rush,D,medical,4,3,1.0
3,morning_rush,D,social,5,3,0.0907938630973513
3,morning_rush,D,school,3,5,0.645025900300337
5,other_time,D,work,4,4,0.0676975500794261
5,morning_rush,B,other,2,5,0.0150361602659934
5,other_time,B,other,3,3,0.080133870053447
5,other_time,B,school,3,2,0.259545677029216
5,other_time,B,medical,2,3,0.25172019999906803
3,evening_rush,B,medical,3,5,1.0
3,evening_rush,B,school,3,2,0.14821602278141002
5,evening_rush,B,social,5,6,0.000606579523199396
4,evening_rush,D,other,2,4,0.012229913785128
4,other_time,D,work,4,1,0.00487885078635551
4,morning_rush,D,work,4,1,0.0162331421014707
4,evening_rush,D,social,1,4,0.0047954220820103895
2,other_time,D,other,2,4,0.159346134926663
2,other_time,D,other,4,5,0.123002397302792
4,evening_rush,D,home,1,4,0.000742846154529805
3,evening_rush,B,other,5,5,0.365308396287668
6,other_time,D,social,2,5,0.00924932409638171
6,morning_rush,B,medical,6,4,0.9743871241984681
2,other_time,D,social,5,4,0.0248687950629659
3,evening_rush,B,home,4,3,0.27301213727147305
3,evening_rush,D,social,3,5,0.20827683990021698
3,evening_rush,D,social,5,3,0.0191293903440776
2,evening_rush,B,social,4,5,0.101013007499557
5,other_time,B,school,5,6,0.00517772109499691
6,morning_rush,D,home,5,6,0.467896213343952
6,morning_rush,B,social,4,4,0.0663901736090874
6,other_time,B,other,6,4,0.0722575236635071
6,morning_rush,B,other,2,4,0.274397430785314
6,other_time,D,social,2,4,0.00668926848014673
6,other_time,D,medical,6,2,0.0035277448377632795
2,evening_rush,B,social,6,3,0.0338843352621622
6,other_time,B,school,6,6,0.14745391656341902
4,other_time,D,social,1,2,0.0046853090092015895
4,other_time,D,other,2,2,0.033133336084645
4,other_time,D,other,4,1,0.0165666680423225
2,morning_rush,B,work,2,3,0.10106736420653199
4,morning_rush,B,social,2,4,0.0782669032211828
6,other_time,D,medical,5,3,0.00312643734934846
6,evening_rush,D,social,3,2,0.00127504091246256
6,evening_rush,D,social,2,4,0.00127504091246256
5,morning_rush,B,social,3,4,0.0148936745824095
1,morning_rush,B,home,1,1,1.0
3,morning_rush,D,social,3,5,0.132193656410351
5,other_time,B,social,5,6,0.005157097597119929
5,other_time,B,medical,5,5,0.302448161989033
5,other_time,B,social,6,5,0.005157097597119929
3,morning_rush,D,work,3,6,0.028655391566504998
3,evening_rush,D,social,6,5,0.0300632299725774
5,other_time,B,work,5,3,0.0779281786881626
3,other_time,B,work,5,5,0.34043430526185
3,evening_rush,B,work,5,5,0.593514284364042
3,evening_rush,B,work,5,3,0.148378571091011
3,evening_rush,B,work,3,5,0.22256785663651601
3,other_time,B,work,2,2,0.05673905087697499
6,evening_rush,B,other,2,4,0.0123195957489913
2,other_time,D,social,3,1,0.0033688483925584
2,other_time,D,work,2,3,0.261314810965823
2,other_time,D,work,3,3,0.0300025308913781
6,evening_rush,D,other,5,6,0.138637622888801
6,other_time,D,school,6,2,0.0132770206202978
6,other_time,D,medical,2,4,0.00488141989816665
6,other_time,D,school,4,2,0.0132770206202978
6,evening_rush,D,school,6,2,0.0339142366233059
6,other_time,D,other,5,6,0.18534010109652999
5,morning_rush,D,medical,5,3,0.661031090815758
4,morning_rush,D,medical,4,2,0.0160774731753093
3,morning_rush,B,medical,3,3,0.37235348715265104
6,other_time,D,social,1,1,0.0030110641740014
6,other_time,D,social,6,1,0.0036337427669144396
6,other_time,D,social,6,5,0.007071970245256259
5,morning_rush,B,medical,5,5,1.0
3,morning_rush,B,social,3,6,0.127326088334245
3,morning_rush,B,social,6,6,0.127326088334245
3,morning_rush,B,social,6,1,0.127326088334245
1,morning_rush,B,work,1,2,0.6420681942149761
4,other_time,B,school,4,2,0.00235460008660706
4,morning_rush,B,other,2,4,0.007146958950845491
5,other_time,B,work,2,3,0.0141624268647723
5,other_time,B,social,5,1,0.006509555947544279
5,morning_rush,B,social,5,4,0.0251884637560272
5,evening_rush,D,social,2,4,0.018039341534853
4,other_time,D,school,4,3,0.190286187793667
4,morning_rush,D,school,4,3,0.40962348944080396
6,morning_rush,D,school,2,5,0.0493919408275215
2,morning_rush,B,medical,2,5,0.6381647829287199
5,other_time,B,work,4,5,0.0054950220804998295
6,other_time,B,medical,6,5,0.0355363410375308
6,evening_rush,D,other,2,2,0.00462721057026128
6,other_time,D,work,1,2,0.0662380529811774
6,evening_rush,D,other,2,5,0.00462721057026128
4,morning_rush,B,work,4,6,0.205281728281341
4,other_time,B,social,5,6,0.0208478896660577
4,evening_rush,B,social,6,6,0.155279561126426
4,other_time,B,work,4,6,0.12643308873902698
6,morning_rush,B,work,6,5,0.07896535433135499
4,other_time,D,school,4,4,0.18244797550962696
2,other_time,D,school,2,4,0.421762616291935
2,evening_rush,D,other,2,4,0.665638079848056
2,evening_rush,D,social,4,4,0.0695489683713836
2,other_time,D,other,5,6,0.22960996997410502
6,evening_rush,D,social,2,2,0.0409717516863757
6,other_time,D,school,6,5,0.0133198549171286
6,other_time,D,work,3,2,0.0313905560829965
6,morning_rush,B,home,1,6,0.261142674383593
6,morning_rush,B,social,3,1,0.101287501423229
3,other_time,B,work,3,6,0.0284204850979234
3,other_time,B,medical,6,4,0.6177541719145251
3,other_time,B,work,4,6,0.0284204850979234
3,other_time,B,work,3,2,0.00173701352269149
2,evening_rush,D,home,1,2,0.000433490170197505
2,other_time,D,social,3,3,0.000586549421021595
2,morning_rush,D,work,5,4,0.0550380545543734
2,other_time,D,work,3,2,0.0564108351477314
2,other_time,D,work,1,2,0.005807266566948971
2,morning_rush,D,school,2,1,0.0139529249071626
2,morning_rush,D,social,2,4,0.22289014197745896
2,morning_rush,D,home,4,2,0.0070389352740992
4,morning_rush,B,social,2,2,0.0019798253791108197
3,morning_rush,D,home,4,3,0.132927358801745
3,morning_rush,D,social,3,4,0.0141773006763709
4,other_time,B,other,4,3,0.130185375638102
4,other_time,B,other,3,4,0.00250584030789129
5,other_time,D,school,2,5,0.0888755706749115
5,other_time,D,school,5,2,0.11462626717510499
2,morning_rush,D,other,2,4,0.0098029792268366
2,morning_rush,D,work,4,3,0.0031594550640712898
2,evening_rush,D,social,3,3,0.00270948358898235
5,evening_rush,D,other,5,4,0.174262778216194
5,other_time,D,other,4,2,0.0590278208870959
5,other_time,D,other,5,4,0.17510734021333701
5,evening_rush,D,other,5,2,0.0940505404314621
5,evening_rush,D,other,4,2,0.0940505404314621
6,other_time,B,school,5,5,0.20204872479615196
5,morning_rush,A,social,5,2,0.316605491091837
5,morning_rush,A,school,2,2,0.0300170092970975
5,morning_rush,A,social,5,5,0.630131428122078
5,evening_rush,A,home,3,5,0.0529798384066618
5,other_time,A,social,2,3,0.0969642086436994
2,other_time,D,school,2,5,0.084659554587352
5,evening_rush,B,work,2,2,0.386346381379892
4,other_time,D,medical,4,3,0.203146142679267
5,other_time,D,other,1,4,0.0188768251289317
6,other_time,B,other,4,6,0.0233853860271875
6,other_time,B,other,6,2,0.0116926930135937
6,morning_rush,B,work,6,4,0.006681185464297379
6,other_time,B,other,2,4,0.0116926930135937
5,evening_rush,A,home,4,5,0.471172258941578
5,morning_rush,A,school,5,4,0.269741214947298
5,evening_rush,A,other,4,4,0.85406460466839
2,evening_rush,D,other,2,2,0.00336190327910954
3,other_time,D,other,2,2,0.0784454108554772
3,morning_rush,D,other,3,2,0.22510031588187698
3,morning_rush,D,school,2,2,0.259763186552004
5,morning_rush,A,school,5,5,0.50157108997862
5,other_time,A,home,5,5,0.685288459284569
5,other_time,D,work,3,4,0.0184601738368312
6,other_time,D,medical,1,5,0.0711660556324968
6,morning_rush,D,work,4,1,0.0245726188888295
6,other_time,D,work,5,3,0.0252663138673142
5,evening_rush,A,social,5,5,0.127977883156493
6,other_time,D,other,6,1,0.0181356672216283
6,other_time,D,other,1,2,0.0181356672216283
6,morning_rush,D,other,6,2,0.0292098617187044
2,morning_rush,B,other,2,3,0.23870345975714102
6,evening_rush,B,other,6,2,0.22819182973455102
2,morning_rush,D,work,2,6,0.000525014933255628
6,other_time,D,home,6,2,0.00243356161962147
5,evening_rush,C,home,5,5,0.7288141953136371
5,morning_rush,C,school,5,5,0.623382879396107
5,other_time,C,social,5,5,0.5185585079094001
5,other_time,C,home,5,5,0.47621904169422097
2,other_time,B,other,4,1,0.0024531296125657
5,evening_rush,D,home,6,5,0.0192083679392955
5,morning_rush,D,work,5,6,0.0217466805358665
4,morning_rush,D,home,4,1,0.00204659621485759
6,evening_rush,D,social,2,6,0.0024585662969861897
5,morning_rush,D,medical,5,4,0.187014140395335
5,other_time,B,social,4,3,0.0505691812529397
5,evening_rush,B,medical,3,4,0.7837936708888579
4,morning_rush,D,social,3,5,0.0285090875227571
4,other_time,D,home,4,2,6.77454443604175e-05
2,morning_rush,D,home,2,3,0.170624018964409
2,morning_rush,D,home,1,2,0.0912755488572464
2,evening_rush,D,other,5,5,0.282882209737984
2,morning_rush,D,work,5,5,0.0725208616699361
2,evening_rush,D,social,5,2,0.0621923972864951
2,other_time,D,work,5,5,0.17251036365648198
2,morning_rush,B,social,2,1,0.006964136681005879
2,morning_rush,B,home,1,2,0.00835253451516171
5,morning_rush,D,medical,5,5,0.15195476878890699
3,other_time,D,social,5,4,0.00694751578191159
2,morning_rush,C,school,2,4,0.11389580815956199
2,other_time,C,home,4,2,0.0418649949960973
3,evening_rush,D,work,3,3,0.33333333333333304
3,evening_rush,D,work,6,6,0.33333333333333304
3,evening_rush,D,work,3,6,0.33333333333333304
3,evening_rush,D,social,3,2,0.0740268461352532
3,morning_rush,D,other,3,3,0.0332211975056704
3,morning_rush,D,home,3,3,0.0999066528284593
3,morning_rush,D,other,3,4,0.312472683471891
3,other_time,D,other,3,4,0.10889388555513499
2,morning_rush,D,home,6,2,0.00449973645954012
2,morning_rush,D,other,2,6,0.0111327092835546
6,evening_rush,A,home,6,6,0.158833758891652
6,other_time,D,work,6,4,0.0336008562928274
6,other_time,D,other,4,4,0.0923792325199721
5,morning_rush,B,work,5,1,0.0154706183061873
2,other_time,D,medical,3,3,0.0405918187585518
2,morning_rush,D,medical,2,3,0.22462402191803002
6,other_time,D,other,2,6,0.00553004214557953
2,other_time,B,school,2,6,0.0691551960764432
2,other_time,D,other,5,3,0.0072107948193701
3,evening_rush,B,work,1,2,0.0318190468488447
2,evening_rush,D,social,6,6,0.0548839064453417
2,evening_rush,D,social,5,6,0.0182946354817806
1,other_time,B,home,1,1,0.136654551474145
1,morning_rush,B,social,1,1,1.0
1,other_time,B,social,1,2,0.140570565549232
1,evening_rush,B,social,1,1,0.756778063788017
6,other_time,B,other,3,3,0.0649082015785322
6,other_time,B,other,1,6,0.0649082015785322
2,morning_rush,B,school,2,6,0.0196105989257437
3,evening_rush,D,home,1,3,0.0249168795333649
3,morning_rush,D,work,3,1,0.0574141043488943
6,evening_rush,B,social,6,4,0.0125159255693798
4,other_time,B,medical,4,2,0.168564505722499
4,other_time,B,work,2,4,0.036767422142262
3,morning_rush,D,other,3,6,0.23295189909748004
3,morning_rush,D,social,6,3,0.01217550695426
4,evening_rush,C,social,5,3,0.257035534486372
4,other_time,C,home,4,4,0.428893483767884
4,other_time,C,home,5,5,0.10989678617882
4,evening_rush,C,social,3,4,0.257035534486372
5,morning_rush,D,work,3,2,0.0291280192675523
4,evening_rush,D,work,2,6,0.15782674176920802
3,evening_rush,D,other,3,6,0.0475966020003395
3,morning_rush,D,home,6,3,0.0251022581949808
3,morning_rush,D,other,6,6,0.0754899889447866
2,morning_rush,B,work,5,5,0.105269725172047
2,other_time,B,other,2,5,0.241367288735856
6,other_time,D,medical,6,6,0.0021324874491435897
4,other_time,A,home,4,4,0.26645321722688103
4,evening_rush,A,social,4,4,0.329207194168322
1,evening_rush,B,home,5,1,0.5248365242145301
6,other_time,B,social,1,2,6.7727791084338e-05
6,other_time,D,work,4,6,0.020355760129103003
6,other_time,D,social,4,2,0.0063015418283339205
5,other_time,D,work,3,3,0.0163593291763633
4,evening_rush,D,other,3,2,0.135688131386986
4,morning_rush,A,school,4,4,0.0801718218897718
5,other_time,A,social,2,2,0.0550199763465925
5,evening_rush,A,social,2,3,0.12148688454098801
5,evening_rush,A,social,3,4,0.12148688454098801
5,morning_rush,A,school,5,2,0.13667861157109
5,other_time,A,home,4,5,0.0534212087893689
5,evening_rush,A,social,2,2,0.200877384241721
5,evening_rush,D,other,4,5,0.0219486004337771
5,evening_rush,D,other,4,4,0.0219486004337771
6,morning_rush,B,home,2,6,0.075859569856097
6,other_time,B,work,6,3,0.0115605625085958
2,evening_rush,C,home,2,2,0.25546814024637804
2,morning_rush,C,school,2,2,0.35150000508625395
2,morning_rush,C,other,2,2,0.535257404519391
2,evening_rush,C,social,6,2,0.10509202230803698
2,evening_rush,C,other,2,1,0.15098345256252899
2,evening_rush,C,social,1,6,0.0345542845482194
6,other_time,D,home,6,5,0.0156157626477901
4,evening_rush,A,social,4,2,0.158588821507647
4,other_time,B,work,3,2,0.0822458111434987
4,other_time,B,other,2,3,0.127679535330211
4,other_time,D,other,2,4,0.107884903563191
4,evening_rush,D,work,2,4,0.46950492361876794
4,morning_rush,D,work,2,2,0.0013418490233639
3,morning_rush,B,work,6,3,0.124625113089646
3,morning_rush,B,other,3,6,0.23128516774410698
3,other_time,B,work,5,3,0.0201213837122274
4,evening_rush,B,social,3,5,0.4740739888364489
4,other_time,B,social,3,3,0.172326934305056
4,evening_rush,B,home,5,3,0.137321926864709
3,morning_rush,B,work,3,5,0.0711629513116899
5,other_time,B,social,2,6,0.00106904799642505
3,other_time,D,social,2,4,0.007610452810178229
2,other_time,D,other,1,2,0.0296664569344715
2,other_time,D,other,2,1,0.0296664569344715
3,other_time,D,other,3,5,0.264962541179276
3,other_time,D,other,5,5,0.0853944859703562
3,other_time,D,other,5,3,0.0426972429851781
1,other_time,B,work,1,2,0.37355713092645204
5,evening_rush,A,school,5,5,1.0
5,evening_rush,D,home,6,6,0.0031394705663974802
5,other_time,D,medical,6,5,0.0320569814954115
5,other_time,D,work,5,6,0.0146353054664157
6,morning_rush,D,school,6,3,0.0365396443840227
2,evening_rush,A,home,1,2,0.0779296392550423
2,other_time,A,social,3,3,0.34244319099797493
2,evening_rush,A,social,3,4,0.024595718121778
2,other_time,A,social,2,3,0.119705888795763
2,evening_rush,A,social,4,1,0.024595718121778
2,other_time,C,social,3,5,0.177821761236756
2,morning_rush,C,school,2,3,0.187990048948324
2,evening_rush,C,home,5,2,0.21955934963289
2,other_time,C,social,2,2,0.590327817047949
4,evening_rush,D,work,4,5,0.0426877297911996
4,other_time,B,work,4,2,0.00750696106711001
4,other_time,B,other,2,6,0.0116539102413164
4,morning_rush,B,home,6,4,0.0544955372108485
6,evening_rush,D,other,5,5,0.00286365295150895
1,other_time,D,work,5,5,0.0738097951085162
1,other_time,D,social,5,5,0.184339793446419
1,morning_rush,D,work,1,5,0.12821681757315598
1,evening_rush,D,home,5,1,0.48774766412199394
5,evening_rush,B,social,3,5,0.0123397510510553
3,evening_rush,D,school,3,5,0.18288156417574697
4,morning_rush,B,work,4,3,0.0840610593560208
4,morning_rush,B,social,5,4,0.0402678530114906
5,morning_rush,D,work,1,2,0.000451707966473063
6,other_time,B,work,6,1,0.00598012211398726
6,evening_rush,B,work,1,6,0.0324660130390124
6,morning_rush,B,work,6,1,0.00912279826572327
4,other_time,D,work,5,2,0.00253650109701852
2,evening_rush,D,medical,3,2,1.0
2,evening_rush,D,work,2,5,1.0
2,evening_rush,B,social,3,5,0.0733101899627221
2,morning_rush,B,work,5,3,0.0761370240767043
2,other_time,D,medical,5,5,0.20525056378432602
4,morning_rush,B,other,4,4,0.295714819900645
4,other_time,D,work,3,3,0.000770576610135116
4,other_time,D,school,3,3,0.00278981861451642
5,evening_rush,D,work,5,5,0.278246184184581
2,other_time,D,social,6,3,0.00660952358088416
4,evening_rush,D,work,4,3,0.0181266815942725
3,other_time,D,medical,3,2,0.0443067698739331
5,morning_rush,D,social,6,5,0.00304592376219314
2,other_time,D,medical,2,4,0.00245311697912535
4,other_time,D,other,2,5,0.0032365701421015604
5,evening_rush,D,school,4,5,0.09904535784484901
5,morning_rush,D,school,5,2,0.00395718411588181
4,morning_rush,B,work,4,4,0.0955874403121392
6,other_time,B,other,6,5,0.0339809585016413
5,evening_rush,B,work,5,5,0.6136536186201079
3,evening_rush,B,social,2,3,0.0122620396392215
4,morning_rush,D,other,4,1,0.0327030419941797
6,morning_rush,D,other,2,6,0.0122167462653123
4,morning_rush,C,school,4,4,0.240461553269474
4,evening_rush,C,home,4,4,0.241157447906232
6,morning_rush,B,other,6,4,0.12235327746241
3,other_time,B,work,3,4,0.0810208783341738
6,other_time,B,other,2,2,0.00457378869239925
3,morning_rush,B,work,3,4,0.0418094661120635
3,evening_rush,D,other,3,5,0.252646219316051
2,evening_rush,B,school,2,2,0.8476901389621401
5,morning_rush,B,work,2,5,0.0115887162667619
4,other_time,D,medical,4,1,0.0697705511964324
6,evening_rush,D,work,6,5,0.0186092284841377
3,evening_rush,D,social,4,4,0.0250407149376694
6,other_time,B,medical,6,4,0.0017691319221252101
6,other_time,D,other,6,5,0.10535439161153501
6,other_time,D,social,5,3,0.0059314126907983105
3,other_time,D,other,3,1,0.0802293506532756
3,other_time,D,social,1,1,0.00942182645115217
5,morning_rush,D,social,3,5,0.0471886087811966
5,evening_rush,A,social,5,2,0.39909689900340706
5,evening_rush,A,home,2,5,0.16118925390529198
5,evening_rush,A,home,5,5,0.30490809379950895
5,other_time,A,social,2,5,0.122383621317987
5,other_time,B,social,3,5,8.36379030218254e-05
5,other_time,D,other,2,3,0.0519726986419269
6,morning_rush,D,work,2,6,0.00164387803985026
6,morning_rush,D,other,5,2,0.00435435176277117
4,evening_rush,B,work,4,4,0.315537549188684
3,morning_rush,D,home,1,3,0.14390381351254
6,other_time,D,work,2,3,0.0314641794046549
6,evening_rush,D,work,3,6,0.0121085979799207
6,other_time,D,work,6,3,0.000777890817301171
6,other_time,D,work,3,6,0.000777890817301171
2,other_time,A,home,2,2,0.29802496994746996
2,other_time,C,home,5,2,0.18178585753215898
2,evening_rush,C,social,2,5,0.177858309683719
2,evening_rush,C,home,4,2,0.5212201705607911
5,evening_rush,C,home,2,5,0.21769645475400798
5,morning_rush,C,school,5,2,0.060449919548685
5,other_time,C,school,5,4,0.5588488165586489
5,evening_rush,C,school,4,2,0.218258089728503
5,other_time,C,home,2,5,0.0680006990793265
5,evening_rush,C,home,4,5,0.0534893499323549
5,morning_rush,C,school,5,4,0.016965606546003
6,evening_rush,A,home,2,6,0.708423916486734
6,other_time,A,other,6,2,0.46009338026472496
6,other_time,A,home,4,6,0.0149165887418207
6,morning_rush,A,school,6,4,0.0324153025451007
6,other_time,C,home,3,6,0.20292128610802102
6,other_time,C,home,6,6,0.267720408445375
6,morning_rush,C,other,6,6,0.41569045826428297
6,other_time,C,social,6,3,0.689800155430796
6,evening_rush,C,other,6,6,0.317929479876024
6,evening_rush,A,other,4,2,0.33333333333333304
6,evening_rush,A,other,2,2,0.666666666666667
6,other_time,A,social,6,6,1.0
6,other_time,A,home,6,6,0.9706765694989901
6,other_time,A,other,2,4,0.43381695888389
6,evening_rush,A,social,2,2,0.662786187476587
3,evening_rush,C,school,3,2,0.9945710290539821
3,other_time,C,home,2,3,0.40709499320864
2,evening_rush,A,social,2,2,0.0601596801435306
2,other_time,A,social,2,2,0.23592592951307104
6,morning_rush,D,school,6,5,0.383897127035077
2,morning_rush,A,school,2,2,0.207634382802592
2,other_time,B,medical,2,3,0.0355806172128038
4,morning_rush,D,school,3,3,0.0337092408622053
5,other_time,A,social,5,3,0.0116894038818495
5,other_time,A,home,3,5,0.00978945813169412
6,other_time,C,home,2,6,0.24648218768440197
6,other_time,C,other,1,2,1.0
6,morning_rush,C,school,6,1,0.0222443575361366
2,morning_rush,B,school,2,3,0.242292143054221
4,other_time,A,social,4,4,0.41370179077946095
4,evening_rush,A,home,4,4,0.611328970776925
4,evening_rush,C,home,3,4,0.17758429151688698
4,morning_rush,C,school,4,3,0.015374592534333
6,evening_rush,C,home,2,6,0.0979863718081289
6,morning_rush,C,school,6,2,0.0743430217453953
2,other_time,C,home,2,2,0.25448616836898397
4,other_time,C,home,3,4,0.0774886384130837
4,other_time,C,home,4,3,0.0387443192065418
4,morning_rush,C,home,4,3,0.573662524494766
5,evening_rush,D,social,6,6,0.00995494155008651
5,other_time,A,social,5,5,0.335887123901136
2,other_time,A,home,3,2,0.307211097514966
2,other_time,A,home,5,2,0.22980902687548196
2,evening_rush,A,social,5,5,0.32854910108188395
2,other_time,A,social,2,5,0.111368651101106
2,evening_rush,C,social,2,4,0.0586780919071635
3,other_time,C,home,3,3,0.337786036483938
3,morning_rush,C,school,3,3,0.47685887394258203
6,morning_rush,D,social,6,3,0.115982114541525
6,morning_rush,D,work,3,2,0.0363674025089331
3,morning_rush,C,school,3,4,0.291563446815524
3,other_time,C,home,4,3,0.10916215577479901
5,other_time,C,home,3,5,0.24616867917470603
5,morning_rush,C,school,5,3,0.21110464113824698
5,other_time,C,social,5,4,0.274286162319852
5,other_time,C,home,4,5,0.133867374394117
6,evening_rush,C,other,6,5,0.44629592345262
6,evening_rush,C,social,5,2,0.456364910785579
3,morning_rush,B,school,3,3,0.43751231977758004
4,evening_rush,C,other,6,2,1.0
4,other_time,C,home,2,4,0.24903478854440197
4,other_time,C,other,4,2,0.318864143667062
4,other_time,C,social,2,6,0.0584361350136105
4,morning_rush,C,school,4,2,0.41005602574897604
2,evening_rush,A,home,2,2,0.56593524508409
2,other_time,A,other,6,2,1.0
2,morning_rush,A,school,2,6,0.0284415793897479
2,morning_rush,A,other,2,2,1.0
4,evening_rush,C,social,4,2,0.0723095572872989
4,evening_rush,C,home,2,4,0.06130110613583401
4,evening_rush,C,social,4,4,0.0670782561681779
4,morning_rush,C,social,4,4,0.485040367084736
3,other_time,C,social,6,2,0.0354056510138508
3,evening_rush,C,social,3,3,0.17373922382056303
3,morning_rush,C,school,3,6,0.0667899653631616
3,other_time,C,social,2,2,0.0354056510138508
4,other_time,A,social,4,5,0.11306061435937598
4,morning_rush,C,social,4,5,0.514959632915264
4,morning_rush,C,school,5,2,0.0764167981581971
2,morning_rush,A,school,2,5,0.275779705421791
5,evening_rush,A,home,6,5,0.009750554946959441
5,evening_rush,A,social,5,4,0.0145370322582018
5,evening_rush,A,social,4,4,0.0145370322582018
5,morning_rush,A,school,5,6,0.0601729551960636
6,other_time,C,social,6,6,0.0178184049017086
4,other_time,A,social,4,6,0.0307521071579461
4,other_time,A,home,6,4,0.005041988728781871
5,morning_rush,D,other,5,1,0.00869352266447738
6,evening_rush,A,social,6,6,0.337213812523413
4,other_time,B,work,4,3,0.08943358863899699
3,other_time,A,home,6,3,0.0917838228577775
3,morning_rush,A,school,3,6,0.332013765328805
4,evening_rush,D,social,5,4,0.000826511367942538
4,other_time,C,school,4,5,0.694768649784126
4,evening_rush,C,social,4,5,0.251768726967286
4,evening_rush,C,home,5,4,0.37685253630613597
4,other_time,C,other,4,3,0.280557174407811
4,other_time,C,social,3,5,0.138886025225279
4,other_time,B,social,3,5,0.0231637637131182
4,other_time,B,social,5,3,0.0231637637131182
5,other_time,C,medical,5,5,1.0
4,other_time,A,home,5,4,0.701165369956201
4,other_time,A,school,4,5,1.0
6,morning_rush,C,social,6,3,0.007518406073927659
6,evening_rush,C,social,3,3,0.0034828393020972
6,evening_rush,C,home,3,6,0.00703875403634371
3,evening_rush,B,social,5,5,0.000943112566774143
5,evening_rush,B,school,5,2,1.0
5,morning_rush,D,school,5,6,0.11064761338268099
5,other_time,D,school,6,3,0.0556927574701385
5,evening_rush,C,school,5,5,0.174319963122172
4,other_time,D,school,4,1,0.158768537501222
4,morning_rush,A,school,4,6,0.0664301112859757
4,evening_rush,A,home,6,4,0.120265354482374
4,morning_rush,C,school,4,5,0.0852638990064522
4,other_time,C,school,5,5,0.0135825551377102
3,other_time,A,home,1,3,0.6317703413291179
3,other_time,A,school,3,3,0.565715275061494
3,other_time,A,social,3,3,0.682755738541988
3,other_time,A,other,3,3,1.0
3,other_time,A,social,3,1,0.317244261458012
6,morning_rush,C,school,6,6,0.425803416097195
6,evening_rush,C,home,6,6,0.8384585815728142
3,evening_rush,C,home,4,3,0.22032042325728196
3,other_time,C,social,4,5,0.14127627397632
3,other_time,C,social,5,3,0.14127627397632
3,evening_rush,C,social,3,4,0.754461551429096
3,other_time,C,school,5,4,0.5057380792214641
5,morning_rush,A,social,5,6,0.0532630807860859
5,evening_rush,A,other,6,5,0.14593539533160999
3,other_time,D,work,3,6,0.0556301373613639
4,evening_rush,A,social,5,4,0.512203984324031
4,morning_rush,A,school,4,5,0.679893470028908
5,other_time,D,home,2,2,0.000967578362350184
5,other_time,D,other,2,2,0.00319961253544658
5,morning_rush,D,school,2,2,0.0036726226514642102
5,evening_rush,D,social,2,2,0.0012146143491632599
5,other_time,D,school,2,2,0.0035302487548364205
5,other_time,B,work,3,6,0.0105617383342
6,other_time,A,school,6,6,1.0
4,morning_rush,C,home,4,4,0.426337475505234
4,other_time,C,social,2,5,0.00581967802433871
4,other_time,C,social,4,2,0.0116393560486774
4,other_time,C,home,6,4,0.00838384215655787
5,evening_rush,D,work,5,4,0.35888733317071103
3,evening_rush,C,home,3,3,0.7706284492512611
5,other_time,A,home,2,5,0.205492303497623
2,evening_rush,D,school,2,4,0.3860034842282751
4,other_time,C,social,4,4,0.0666662630766187
4,other_time,C,school,4,2,0.291648795078164
5,other_time,A,home,6,5,0.0460085702967458
2,other_time,A,social,4,2,0.114333944352279
2,evening_rush,A,social,2,6,0.44969840352047896
2,other_time,A,home,6,2,0.112115827845525
2,other_time,A,social,2,4,0.0762223952398055
2,morning_rush,B,home,2,5,0.276965379258243
4,morning_rush,B,other,4,3,0.0942730638396758
6,other_time,C,home,5,6,0.10567096885874498
6,other_time,C,school,6,5,0.36589554287136705
6,morning_rush,A,school,6,6,0.7431624133971709
6,other_time,C,social,6,5,0.262585230699782
5,evening_rush,C,social,5,3,0.23576608207787197
5,other_time,C,social,3,3,0.188761436586788
5,other_time,A,other,3,2,1.0
4,morning_rush,B,school,4,3,0.7924523653017579
6,other_time,A,home,3,6,0.0144068417591892
6,morning_rush,A,school,6,3,0.0313075692054312
2,morning_rush,A,school,2,4,0.0353683623854643
2,other_time,A,home,4,2,0.0154669054190499
6,evening_rush,C,other,2,5,0.0126266349450469
6,morning_rush,C,school,5,2,0.00661668714962949
6,evening_rush,C,home,5,6,0.0340167186683938
6,morning_rush,C,other,6,5,0.015559274711335
2,evening_rush,C,social,4,4,0.548794973747789
2,other_time,C,home,6,2,0.169671352586718
2,evening_rush,C,other,2,4,0.8294213687967241
2,other_time,C,other,6,6,0.7719405459779058
2,morning_rush,D,school,4,2,0.511793531050754
5,morning_rush,B,school,3,5,0.00518495247356043
5,other_time,A,school,5,5,0.935707215024559
2,morning_rush,C,school,2,5,0.291761615026727
2,other_time,C,social,5,5,0.23185042171529602
2,other_time,B,home,6,6,0.000331526690590967
2,other_time,B,social,6,6,0.000414683487094229
5,other_time,C,other,3,5,0.5673789278209399
5,evening_rush,C,school,5,3,0.6074219471493261
5,evening_rush,C,social,5,5,0.629200347911101
6,evening_rush,C,social,6,6,0.231802781376948
6,morning_rush,C,social,6,6,0.9620606882640241
4,evening_rush,A,school,4,4,1.0
2,morning_rush,A,school,2,3,0.45277597000040504
6,evening_rush,A,home,4,6,0.132742324621614
6,morning_rush,A,school,2,4,0.193114714852297
6,morning_rush,A,other,6,2,1.0
2,morning_rush,C,other,2,6,0.0694676421973907
2,evening_rush,C,home,6,2,0.00375233955994113
2,other_time,C,home,3,2,0.0040085059165733605
2,evening_rush,C,social,2,3,0.0044845800452548
3,morning_rush,A,school,3,3,0.6679862346711949
3,other_time,A,home,3,3,0.184662012955327
4,other_time,C,other,2,4,0.110595289672661
2,morning_rush,A,home,2,2,1.0
4,other_time,C,home,5,4,0.00418416080724835
4,morning_rush,C,school,3,2,0.152833596316394
4,evening_rush,C,home,2,3,0.143104618134912
5,evening_rush,B,social,4,5,0.00679925426733851
5,other_time,C,school,5,3,0.44115118344135096
4,morning_rush,D,school,4,5,0.0684696194573869
4,morning_rush,C,school,4,6,0.0137379461453359
3,other_time,A,school,1,3,0.131430550122987
6,evening_rush,C,home,4,6,0.00978517275072002
6,evening_rush,C,social,6,4,0.0048417921777135
2,evening_rush,C,social,2,6,0.0705377377598175
5,evening_rush,C,social,5,4,0.007325638153896341
3,other_time,C,school,3,3,0.494261920778536
3,other_time,C,social,3,3,0.339633244414245
5,morning_rush,C,school,2,2,0.00859844993957843
5,evening_rush,C,other,2,2,1.0
5,morning_rush,C,other,5,2,1.0
3,other_time,C,home,6,3,0.0570899469630243
3,other_time,C,social,3,6,0.0873546835551844
3,morning_rush,C,social,5,3,1.0
3,other_time,C,social,2,3,0.0873546835551844
3,morning_rush,C,school,3,5,0.164787713878733
5,other_time,A,social,3,3,0.111106356464759
5,other_time,A,social,3,2,0.111106356464759
5,other_time,A,medical,5,3,1.0
2,morning_rush,D,school,5,5,0.20791436523218804
2,other_time,D,other,5,5,0.0507312470971977
3,other_time,C,other,3,1,0.252458056515925
3,other_time,C,other,3,3,0.7475419434840749
3,other_time,C,home,1,3,0.0776645096574537
3,other_time,C,social,1,1,0.11883631051522099
6,morning_rush,C,school,6,5,0.11219223540567402
2,other_time,C,home,2,4,0.32086463451901504
5,morning_rush,A,school,5,3,0.0018191190098310103
5,other_time,C,other,4,2,0.43262107217906
5,morning_rush,C,social,5,4,1.0
6,other_time,C,home,6,4,0.10170149452856699
4,morning_rush,D,social,5,2,0.0487219966866198
4,other_time,D,home,4,5,0.0120602767118217
6,other_time,A,other,4,2,0.10608966085138499
5,morning_rush,B,school,5,6,0.0154760538416955
5,other_time,C,home,6,5,0.0472685228409598
5,morning_rush,C,school,5,6,0.0794985034313796
4,other_time,C,medical,5,4,1.0
4,other_time,C,social,5,4,0.0564738772079057
3,other_time,A,school,3,1,0.30285417481551896
2,morning_rush,C,other,2,5,0.395274953283219
2,morning_rush,C,school,5,4,0.046653413286911
2,other_time,C,other,4,5,0.10377066431932598
2,evening_rush,A,social,6,3,0.112401379010551
2,evening_rush,A,home,3,2,0.35613511566086703
2,other_time,A,home,2,4,0.0373721723975074
4,morning_rush,B,school,4,2,0.17812921101003698
5,other_time,A,social,4,3,0.15584295297921802
5,evening_rush,A,medical,3,4,1.0
5,other_time,A,school,5,4,0.0642927849754406
2,evening_rush,B,home,6,3,0.0149616183444932
4,morning_rush,A,school,4,3,0.173504596795345
4,other_time,A,home,3,4,0.0216936775038269
